Domain,Sogou Rank,Count,2016-12-27
010zlgc.com,3,0
021hjwzx.com,3,0
028ltch.com,3,0
029dlw.com,2,0
0311ztq.com,3,0
0312lp.com,2,0
0371donghui.com,2,0
0371mekt.com,2,0
0511ka.com,2,0
0591xue.com,2,0
0731dzx.com,3,0
0736fishing.com,3,0
0752jj.net,3,0
0755g.com,2,0
0769jx.com,2,0
0791lvshi.com,3,0
0830163.com,3,0
0870s.com,3,0
0878rc.com,2,0
0879rc.com,2,0
0911baidu.com,2,0
0912che.com,2,0
0996118.com,3,0
099969.com,2,0
100zixun.com,2,0
108lu.com,2,0
114law.net,3,0
114pfk.com,3,0
1199fz.com,3,0
11thstreetdockside.com,2,0
120yhnk.com,2,0
120gxb.com,3,0
126mf.com,2,0
142013.com,2,0
15pfc.com,3,0
168315.com,5,0
177xd.com,2,0
17cia.com,3,0
186aaa.com,2,0
189mr.com,2,0
1912pipe.com,2,0
1949tv.com,3,0
1988ht.com,2,0
1hengyuanxiang.com,3,0
200521.com,3,0
2011idacongress.com,4,0
2109588.com,2,0
227788.net,2,0
241000.cc,2,0
247750.com,2,0
258so.com,2,0
2dushu.net,3,0
2swl.com,2,0
304gk.com,4,0
304guke.com,4,0
315ey.com,2,0
33le.com,3,0
